'8362035',
'0559412',
'0871617',
'8595948',
'0310655',
'8075556',
'8089303',
'8595100',
'0721347',
'8388348',
'8591066',
'8079222',
'8177179',
'0310972',
'0507539',
'8098044',
'0311136',
'8594560',
'0590540',
'8594298',
'0801736',
'0723632',
'8530827',
'0541889',
'8502204',
'0500121',
'8333885',
'8595640',
'0493569',
'8079280',
'8594574',
'8300050',
'0500186',
'8593929',
'0101536',
'0108550',
'0966017',
'8089205',
'0590108',
'0560932',
'0456704',
'8070786',
'8384968',
'0493511',
'8089046',
'8101902',
'8102037',
'0502326',
'0310503',
'8071261',
'0313300',
'0491183',
'8505486',
'0311730',
'0662200',
'0590110',
'8301897',
'8089066',
'0493517',
'8300485',
'0902657',
'8342780',
'8152486',
'8302988',
'0311711',
'0882311',
'8502781',
'0871613',
'0720788',
'0658498',
'0625069',
'8590921',
'0662598',
'0940407',
'0590097',
'0311626',
'0561607',
'0442899',
'0500755',
'0825330',
'8309988',
'8595909',
'8595947',
'8174451',
'0815320',
'0700028',
'0502943',
'8102149',
'8594720',
'8101904',
'8557093',
'8530828',
'8072110',
'0815232',
'8171930',
'8574944',
'0444423',
'0446661',
'0502355',
'8389056',
'0750155',
'0877490',
'0313992',
'0556977',
'0499560',
'0623617',
'0728325',
'8073729',
'0445669',
'8593231',
'0561378',
'8589557',
'0621608',
'8518924',
'8594558',
'0590041',
'8005873',
'8591448',
'0443110',
'8578144',
'0590378',
'8102032',
'8172320',
'0924184',
'8583772',
'8070171',
'0990083',
'0879517',
'0490158',
'8591060',
'8394223',
'0255622',
'0801260',
'8557056',
'0958274',
'0492865',
'8171931',
'0715531',
'0100458',
'0421305',
'8557055',
'0509709',
'0895167',
'8596088',
'8589473',
'0910781',
'0694811',
'0310939',
'8396872',
'0405429',
'0405428',
'8300504',
'0608366',
'0612139',
'0571713',
'0362390',
'0717305',
'0512943',
'0502072',
'8303924',
'8300389',
'0311116',
'0555819',
'8089168',
'0651806',
'0837234',
'0638628',
'8579567',
'0311218',
'8303048',
'0900378',
'8593319',
'8102040',
'0877455',
'8594981',
'0311747',
'8070760',
'0638647',
'0623590',
'0703357',
'0818094',
'0501673',
'8089083',
'0494607',
'0101312',
'8594712',
'0311947',
'8300483',
'0751717',
'0965503',
'8593702',
'0311553',
'0694990',
'0311696',
'0624563',
'0790579',
'8079226',
'0116176',
'0965976',
'8508323',
'8301533',
'0467016',
'0559014',
'0499536',
'0561341',
'0715065',
'0697582',
'0560951',
'0441730',
'0255556',
'0562237',
'0504060',
'0311707',
'8331186',
'0421926',
'0312450',
'8300964',
'0622870',
'8089222',
'0624722',
'0854982',
'0454039',
'0311253',
'0462967',
'0555310',
'0311758',
'0499651',
'0781992',
'0499595',
'8591818',
'0104399',
'0312042',
'0446640',
'8392941',
'8301839',
'8303018',
'0491425',
'0721688',
'8594346',
'0508907',
'0721465',
'8587602',
'8583640',
'0504554',
'0502916',
'8301692',
'8171028',
'0311533',
'0561312',
'0311750',
'8303086',
'8303092',
'0555730',
'0656855',
'8589576',
'0504055',
'0518553',
'8589575',
'0925025',
'0624637',
'8384747',
'8302075',
'8089197',
'8591057',
'0126508',
'0310829',
'0311757',
'0313003',
'0801345',
'0504064',
'0590012',
'0501506',
'0507782',
'0908727',
'0908724',
'0990079',
'0561013',
'0501994',
'0623510',
'0593109',
'0692168',
'0970117',
'0511089',
'0625995',
'8070178',
'8079279',
'8502280',
'0732939',
'0102712',
'8319780',
'0621730',
'0730749',
'0501455',
'0313313',
'8102105',
'8593926',
'0682669',
'8589391',
'0502078',
'0504159',
'0100278',
'8171939',
'0443726',
'0502404',
'8504353',
'0500900',
'8587841',
'0561426',
'8342517',
'0499573',
'0502073',
'0833025',
'0751547',
'8070075',
'0808237',
'0493329',
'0590323',
'0940591',
'0724016',
'8300044',
'0499406',
'0882028',
'8302990',
'0458154',
'0104581',
'8583435',
'0590382',
'8580421',
'8079278',
'0499391',
'0405190',
'8595887',
'0129113',
'0882605',
'8071032',
'8337972',
'0420797',
'0443757',
'0627082',
'8384407',
'8357036',
'8557144',
'8573740',
'0637491',
'8583807',
'0645344',
'0313339',
'0561211',
'8583806',
'0622642',
'0440235',
'0626343',
'8575110',
'0683000',
'0502359',
'8070753',
'0491195',
'0815183',
'0311710',
'0310872',
'8516004',
'0131267',
'8583869',
'0311260',
'0311272',
'0501675',
'0311532',
'8587075',
'8595037',
'8302269',
'0612327',
'8070961',
'0904916',
'0562239',
'0810331',
'0500031',
'0500171',
'8089184',
'0504672',
'8322023',
'8177180',
'0311637',
'0625374',
'8105724',
'0499589',
'0512143',
'0361717',
'0712449',
'0646336',
'0780779',
'0510550',
'0465413',
'8301332',
'0801726',
'0313000',
'0502133',
'0220094',
'0808191',
'0366038',
'0623404',
'0661259',
'0502075',
'0310768',
'8377302',
'0878279',
'0751540',
'8589631',
'0800688',
'0499622',
'0311493',
'0996594',
'8311123',
'8005426',
'0311753',
'0101406',
'0657866',
'0446292',
'0104734',
'8351494',
'8303029',
'0502177',
'0801233',
'0351840',
'0311930',
'8300472',
'0503976',
'0624466',
'0111229',
'8530462',
'0518168',
'0311635',
'8070800',
'0102303',
'0833594',
'0312032',
'0620563',
'8583881',
'0496506',
'0715589',
'0311941',
'0561082',
'0502016',
'8079221',
'0311317',
'8070177',
'0679319',
'0750861',
'8004232',
'0245268',
'0624982',
'0606677',
'0651722',
'0663427',
'0660433',
'0360013',
'0590191',
'0958125',
'0878125',
'8089185',
'0877460',
'0622006',
'8070793',
'8303935',
'0441834',
'0491202',
'0100010',
'0312991',
'0622323',
'0808220',
'0808091',
'0440404',
'0312418',
'0311902',
'0500226',
'0990210',
'8300581',
'0780639',
'0656749',
'0312999',
'0493522',
'0720144',
'0635193',
'0560459',
'0780916',
'0635108',
'0508513',
'0125431',
'0102075',
'0808280',
'0510445',
'0499630',
'8300055',
'0406509',
'0504083',
'0503189',
'0311559',
'8301368',
'8595649',
'0967965',
'0557511',
'8595359',
'8595809',
'0490109',
'0102932',
'0501448',
'0808145',
'0907342',
'0676854',
'8588839',
'8079324',
'8500816',
'8583439',
'8089182',
'8070073',
'0682636',
'0446752',
'0965366',
'8101967',
'0366658',
'0751169',
'0374367',
'0990073',
'8300475',
'0442075',
'8300959',
'0502450',
'8587514',
'0622983',
'8578331',
'8089190',
'0815066',
'0118340',
'0833854',
'8594989',
'0502455',
'0502168',
'0555199',
'0500889',
'0546747',
'0310830',
'0694887',
'0504133',
'0967542',
'0510171',
'8079047',
'8173310',
'8098159',
'0679712',
'8113092',
'0910759',
'8583863',
'0593743',
'0311755',
'0724002',
'0407351',
'0312039',
'8590805',
'8301318',
'0518363',
'0595062',
'8378025',
'0638575',
'0925855',
'0815184',
'8070757',
'0976949',
'0126255',
'0800268',
'0542061',
'8300607',
'0360192',
'0888627',
'0500876',
'0965986',
'8071489',
'0502418',
'0500813',
'8102068',
'0501559',
'0455793',
'0781321',
'0311854',
'0696065',
'0493510',
'0413353',
'0707359',
'0624807',
'0499403',
'8070725',
'0590314',
'0102841',
'0246114',
'0311593',
'0825075',
'0311083',
'0920338',
'0561221',
'0420977',
'8079227',
'8359419',
'0707202',
'0422127',
'0625286',
'0310806',
'0625236',
'0965553',
'0311461',
'8582762',
'0965322',
'8098349',
'0621041',
'0591026',
'0877117',
'0808057',
'0657944',
'0592939',
'0885233',
'8081011',
'8339595',
'8070761',
'0965182',
'0732209',
'0401865',
'0555928',
'0444637',
'0734568',
'0721245',
'0626375',
'8580229',
'0683410',
'0624633',
'0692446',
'8590451',
'8079228',
'0311751',
'0895336',
'0965673',
'0513277',
'0406869',
'0638427',
'0623572',
'0313296',
'8322103',
'0504122',
'0122662',
'0657028',
'0114119',
'0311576',
'8079218',
'0977979',
'8102260',
'0965511',
'8300874',
'0518535',
'0311470',
'0590332',
'0561358',
'8089207',
'0720610',
'0721727',
'8175193',
'0952017',
'0957087',
'0490072',
'0502545',
'0131234',
'0311081',
'0726364',
'0518499',
'0683270',
'0559454',
'0751534',
'8302304',
'8301307',
'0496560',
'0625915',
'0624346',
'0886881',
'0624886',
'0659506',
'8595931',
'0808189',
'0965739',
'0502246',
'0350176',
'8070743',
'0592913',
'0502606',
'0311549',
'8557046',
'0502610',
'0828720',
'8583870',
'0490001',
'8071139',
'0372049',
'0498023',
'8303071',
'0425566',
'8300064',
'0704170',
'8595655',
'0518109',
'0518921',
'0499402',
'0624930',
'0499640',
'0465235',
'8070738',
'8303074',
'0311759',
'0622358',
'0930196',
'0490970',
'0620368',
'0501500',
'0559193',
'0444180',
'8303957',
'8303934',
'0785945',
'8070196',
'0967656',
'0503725',
'8580420',
'8303062',
'8070766',
'8557145',
'0990024',
'0500515',
'0502274',
'8300530',
'0808328',
'0833598',
'0705238',
'8580418',
'0320710',
'0654021',
'0953248',
'0593115',
'0100003',
'0594394',
'0541188',
'0657235',
'8583649',
'0561222',
'0425906',
'0721358',
'8079144',
'0508169',
'0833467',
'0561587',
'0608047',
'0751198',
'0493529',
'0310937',
'0501560',
'0205724',
'0559214',
'8011162',
'0611263',
'0504134',
'0502414',
'0498329',
'0561403',
'8089165',
'0599911',
'0646748',
'0311644',
'0311646',
'0996971',
'0311455',
'0704596',
'0601659',
'0310802',
'0367091',
'0784820',
'0119113',
'8595899',
'0617226',
'0114223',
'0510995',
'0503167',
'0720546',
'0490138',
'0421231',
'0607441',
'0692616',
'0492143',
'0650824',
'8312335',
'0692925',
'0694781',
'0902604',
'8583805',
'0422410',
'0557175',
'0311283',
'0571943',
'0624708',
'0518267',
'0458512',
'0456370',
'0625971',
'0459847',
'0828199',
'0421958',
'0116002',
'0311139',
'0310863',
'0617996',
'0100912',
'8596122',
'0830158',
'0695116',
'0679405',
'0454776',
'0200291',
'0457856',
'8089193',
'0801018',
'0102375',
'0494017',
'0977543',
'0721394',
'0499643',
'0990148',
'0990007',
'0415000',
'8303047',
'8300363',
'0965176',
'0645542',
'8300962',
'0311754',
'0312153',
'8301116',
'0732121',
'0502464',
'0500213',
'0312047',
'0518530',
'0562154',
'0514642',
'0653856',
'0662201',
'0556270',
'0646471',
'0682741',
'0501481',
'8070900',
'0490163',
'0783609',
'0611865',
'0825333',
'0635638',
'8075074',
'8007014',
'0627066',
'0557316',
'8588804',
'8591006',
'0106305',
'0692659',
'0659752',
'0977089',
'8089186',
'0602041',
'0557492',
'0720524',
'0442976',
'0561606',
'0561509',
'8593928',
'0683168',
'0680191',
'0808025',
'0808200',
'0965614',
'8302852',
'0626111',
'0624577',
'0506246',
'0750963',
'8102033',
'0622728',
'0723996',
'0810176',
'0882004',
'0440384',
'8595496',
'8590258',
'0426207',
'0627064',
'0312427',
'0996557',
'0428120',
'0658237',
'0625249',
'0491287',
'0124528',
'0617369',
'0311731',
'8589302',
'8101998',
'8100394',
'0445518',
'8102005',
'8101999',
'8101850',
'8103546',
'0503153',
'0518551',
'0510267',
'0501234',
'0676532',
'0445330',
'8385249',
'0425616',
'8102003',
'0311982',
'0561079',
'8307431',
'8581335',
'0500722',
'8183231',
'0626216',
'0124082',
'0625606',
'8578924',
'0501425',
'8172070',
'0100137',
'0220383',
'8180053',
'8180028',
'8301547',
'8070182',
'8578030',
'0990029',
'8170427',
'0694826',
'0728967',
'0440024',
'8089181',
'8583761',
'0465514',
'0311101',
'0780819',
'0557824',
'0981586',
'0625695',
'0751526',
'0311347',
'0331059',
'8576199',
'0624332',
'0965052',
'8070748',
'0312072',
'8170448',
'8300902',
'0721443',
'0699200',
'8187859',
'0502412',
'0508160',
'8070752',
'8591440',
'8591370',
'8509606',
'8170248',
'0602037',
'0507622',
'0518251',
'0441567',
'0751728',
'0503604',
'0625469',
'8322012',
'8589343',
'0601065',
'0312462',
'0967839',
'0967548',
'0131263',
'0311748',
'0513741',
'8180665',
'0102933',
'0994781',
'0590872',
'0871170',
'0720557',
'8303028',
'0225167',
'0815388',
'0558163',
'0311712',
'0625544',
'0983043',
'0638178',
'0561562',
'0702417',
'0510151',
'0623552',
'0220382',
'8301796',
'0656842',
'0461609',
'0808264',
'0624157',
'0372192',
'8589370',
'0510843',
'0509612',
'0559241',
'0321499',
'8170412',
'0721818',
'8079225',
'0499484',
'0625084',
'0311979',
'0507619',
'8583811',
'0720807',
'0625364',
'0360035',
'0910070',
'8576209',
'8303057',
'0622023',
'0731040',
'0710384',
'0808313',
'0506776',
'0245272',
'8122852',
'8322029',
'8302998',
'0312138',
'0801311',
'0420888',
'0682943',
'0420843',
'0562223',
'8110866',
'8303087',
'8301639',
'8595879',
'0447222',
'0588098',
'0102348',
'0507218',
'0442138',
'0561310',
'0730889',
'8590952',
'8320067',
'0612138',
'0781966',
'8301484',
'0698776',
'0559456',
'0508123',
'0555968',
'0113313',
'0490977',
'8592577',
'0561018',
'0870378',
'8594356',
'0425394',
'8079217',
'0723656',
'0444428',
'8322036',
'0731012',
'8301230',
'0558428',
'0111029',
'8591343',
'0442338',
'0654942',
'0624670',
'0542056',
'0311992',
'8557042',
'8079115',
'0659629',
'8102001',
'8594755',
'0502364',
'0499608',
'8592565',
'8505484',
'8170044',
'0445685',
'8595724',
'0443367',
'0311706',
'0562247',
'0877056',
'0676560',
'0661007',
'0501597',
'0124360',
'8301333',
'0417510',
'0751407',
'0808086',
'8302316',
'0115849',
'8577244',
'0953806',
'0590735',
'0730929',
'0682254',
'0624825',
'0624583',
'8001091',
'0559157',
'0570928',
'0623841',
'0557548',
'0737720',
'8084119',
'0312066',
'0555039',
'0510062',
'0503172',
'8593332',
'0498325',
'8301152',
'0692437',
'8596117',
'8301388',
'0311508',
'0544733',
'0656662',
'8301164',
'0101702',
'0906614',
'0501389',
'0837386',
'8590787',
'0446014',
'0502158',
'0657054',
'0508824',
'0570973',
'8589584',
'0321231',
'0106401',
'8301823',
'0491026',
'0502423',
'0312146',
'0828485',
'0491612',
'8592216',
'8175948',
'0700071',
'0503183',
'0676355',
'0606680',
'0555465',
'0502453',
'8557048',
'0902535',
'8594772',
'0311610',
'0311098',
'0826343',
'8172262',
'0506313',
'0980091',
'8303014',
'0751294',
'0585540',
'0622330',
'0625322',
'8593230',
'0720137',
'0874165',
'0500729',
'0625138',
'0441934',
'0624569',
'8102008',
'0790568',
'8592806',
'0721833',
'0313369',
'0508033',
'0106907',
'8303005',
'0597104',
'0591876',
'0590210',
'0310825',
'0561092',
'8593321',
'0940370',
'0514014',
'0311073',
'8578393',
'0751080',
'8583801',
'0652828',
'0311164',
'8170082',
'0250618',
'0499411',
'8557111',
'0721068',
'0311312',
'0750021',
'0500526',
'0518584',
'0425895',
'8367816',
'0965935',
'0511045',
'8387429',
'0722325',
'8301840',
'0721427',
'0801167',
'0828162',
'0751619',
'8070173',
'0313328',
'0104199',
'0622533',
'8589408',
'0421397',
'0623847',
'0847282',
'0100505',
'0828064',
'0245230',
'0501460',
'0104098',
'0711838',
'8170815',
'0493275',
'0124166',
'8593685',
'0561172',
'0108563',
'0845280',
'0421233',
'0361285',
'0994755',
'0502147',
'8070716',
'0311927',
'8102000',
'8579262',
'0902388',
'0699286',
'0440596',
'8303036',
'0870544',
'8303913',
'8300963',
'0311627',
'0102344',
'0103370',
'0444928',
'0312420',
'0311480',
'0622935',
'8170925',
'0500732',
'0800875',
'0885208',
'0421545',
'0245002',
'8073432',
'8170130',
'0801946',
'0557271',
'0100101',
'8070755',
'8587606',
'8079128',
'8101997',
'0372059',
'0442736',
'8300461',
'0983585',
'0501493',
'0220497',
'0499623',
'0251794',
'8179848',
'0518526',
'0593606',
'0311853',
'0225163',
'0502720',
'0313978',
'0661026',
'0401766',
'0492589',
'8079219',
'0960249',
'0118164',
'0587801',
'0501275',
'8300662',
'8303067',
'0882997',
'0500199',
'8357058',
'0585196',
'0311746',
'0996531',
'0311935',
'8595017',
'0697334',
'0801343',
'8500903',
'0518524',
'8583091',
'0561510',
'0116224',
'0638994',
'0413378',
'0561596',
'0444929',
'0114245',
'0994338',
'0601965',
'0124472',
'0611545',
'0622061',
'0420976',
'0311956',
'0375295',
'0780124',
'0593627',
'0681177',
'8575111',
'0413351',
'0957515',
'0624885',
'0367302',
'0311082',
'0443368',
'0502230',
'0508295',
'0965674',
'0651810',
'0493197',
'0606561',
'0907216',
'0502688',
'0443381',
'0751439',
'0785765',
'0420799',
'0597360',
'0101540',
'0561252',
'0509220',
'0651788',
'0695195',
'0624784',
'0959164',
'0311440',
'0790039',
'8170176',
'0659241',
'0463511',
'8070791',
'0965960',
'0493667',
'0720176',
'0682635',
'0368048',
'0800599',
'0594373',
'0655792',
'0624373',
'0652117',
'0625886',
'0594423',
'0504172',
'0444353',
'0915452',
'0262085',
'0624602',
'8592586',
'0312043',
'0705770',
'0646764',
'0652972',
'8081962',
'0311485',
'0780969',
'0518368',
'0500292',
'0421030',
'0603837',
'8595235',
'0808217',
'0723622',
'0962755',
'0311695',
'0499530',
'0679516',
'0683258',
'0751192',
'0119168',
'0504176',
'0638169',
'0559579',
'0783701',
'8301165',
'0416298',
'0698089',
'8198445',
'0676819',
'0697992',
'0654008',
'0751521',
'0620994',
'0313304',
'0442295',
'0443614',
'0784021',
'8070026',
'0768783',
'0502143',
'0310563',
'0442729',
'0808066',
'0609004',
'0733250',
'0365706',
'0348001',
'0415056',
'0559529',
'0414251',
'0596346',
'0662937',
'8300679',
'8303073',
'0950332',
'0518415',
'0622351',
'0751480',
'0100416',
'0699781',
'0503027',
'0701356',
'8303024',
'8583828',
'0990145',
'0518325',
'0355600',
'0355500',
'8301206',
'0310804',
'0375180',
'0501832',
'0101606',
'0790040',
'0501190',
'0733646',
'0885938',
'0657315',
'0881065',
'0800788',
'0559296',
'0840908',
'8594472',
'8117530',
'0706328',
'0621706',
'0492567',
'0440375',
'8578655',
'8589321',
'8506164',
'0491184',
'0311295',
'8075937',
'0990026',
'0119207',
'0637691',
'0618916',
'0501640',
'0518488',
'0655889',
'0590224',
'0590321',
'0625137',
'0930085',
'0411964',
'8596050',
'0498616',
'8590776',
'8003785',
'0732191',
'0560267',
'0464516',
'0220165',
'0503644',
'0490154',
'0461419',
'0736237',
'0500109',
'0656923',
'0508465',
'8592096',
'8377683',
'0699761',
'0751399',
'0572022',
'8349369',
'8302360',
'0547343',
'0624406',
'0636799',
'0637080',
'8595712',
'0311981'
